item,qty,spec,supplier,unit_cost_usd,make_buy,notes
1 Trailer frame and drawbar,1,"Used single-axle garden or utility trailer, deck about 2.0 x 1.2 m, rated 750 kg or more",Local used market,200.00,buy,Indicative price; check axle rating against loaded mass (about 490 kg with full tank)
2 Wheels,2,"Trailer wheels and tires, about 460 mm diameter",Included with trailer,0.00,buy,Included with the used trailer
3 Feed water tank,1,"125 L HDPE drum with bulkhead outlet, strainer and level sight tube",Farm supply,60.00,buy,Indicative price; about 4 h of steaming at 30 kg/h
4 Feed pump,1,"12 V diaphragm pump, about 4 L/min, 3 bar, with needle valve and flow meter",Online retailer,40.00,buy,Indicative price; needs 0.5 L/min at about 1 bar
5 Firebox,1,"3 mm mild steel box 700 x 600 x 650 mm, ceramic fiber or castable refractory lining, cast grate, latched door, air damper",Self,180.00,make,Material cost only; drum or scrap steel can cut cost
6 Monotube steam coil,1,"Stainless steel 316 tube, 25.4 mm OD x 1.65 mm wall, about 15 m wound on 420 mm (about 11 turns)",Metals supplier,220.00,buy,Indicative price; large bore keeps steam-side pressure drop near 0.05 bar; soft copper is cheaper but loses strength if run dry (proposed choice awaiting Amish)
7 Flue-gas economizer,1,"Stainless tube coil, about 8 m, in a 520 x 460 x 260 mm steel box with condensate drain",Self,90.00,make,Material cost only; stainless because flue condensate is acidic
8 Chimney and spark arrestor,1,"150 mm flue pipe about 1.5 m, spark arrestor cap with 6 mm mesh, rain cap",Stove supply,90.00,buy,Indicative price
9 Steam header and vent standpipe,1,"50 mm stainless header acting as separator, 1 m open vent standpipe with water seal, hood diverter valve, drain valve, fittings",Plumbing supply,50.00,buy,Indicative price; primary pressure limit (about 0.1 bar gauge)
10 Certified relief valve,1,"Code-stamped steam safety valve, lowest available set pressure at or below 1 bar (15 psi), capacity 30 kg/h or more",Boiler supply,70.00,buy,Indicative price; secondary protection; must be certified and never adjusted or plugged
11 Steam hose,1,"EPDM saturated-steam hose, 25 mm bore, 6 m, crimped fittings and whip check",Industrial hose supplier,120.00,buy,Indicative price; rated for steam not hot water
12 Steam hood,1,"1.2 x 1.0 x 0.25 m open-bottom pan, aluminum or galvanized sheet, 40 mm mineral wool, soil skirt, perforated steam manifold, side handles",Self,140.00,make,Material cost only
13 Battery,1,"12 V 20 Ah sealed lead acid or LiFePO4 for the feed pump",Farm or auto supply,60.00,buy,Indicative price; see safety notes if lithium
14 Instruments,1,"0 to 1 bar (0 to 15 psi) steam gauge with siphon; four type K thermocouples (two soil probes at 15 cm, coil outlet, flue) with a handheld reader",Instrument supplier,80.00,buy,Indicative price
15 Safety kit,1,"Personal CO alarm, 2A:10B:C fire extinguisher, heat-resistant gloves, face shield",Hardware store,100.00,buy,Indicative price; required before first fire
